слово	сумма частот букв	кол-во оригинальных букв
осина	194520552	5
сонет	191192585	5
океан	190085052	5
тенор	187482370	5
икона	184546981	5
талон	183591514	5
икота	182329070	5
сиена	181797284	5
осетр	181270529	5
отвес	180284423	5
отсев	180284423	5
совет	180284423	5
салон	179597584	5
нотка	179014809	5
опиат	178877173	5
патио	178877173	5
виола	178215524	5
олива	178215524	5
манто	177564400	5
малое	177025936	5
омела	177025936	5
опера	176711099	5
сенат	176265112	5
стена	176265112	5
ситро	175732458	5
тоник	175680943	5
аксон	175020879	5
носка	175020879	5
отсек	175007173	5
волан	174901263	5
волна	174901263	5
автор	174370003	5
втора	174370003	5
отвар	174370003	5
рвота	174370003	5
тавро	174370003	5
товар	174370003	5
масон	173570470	5
осман	173570470	5
место	173556764	5
видео	173241673	5
сотка	172802968	5
тоска	172802968	5
отвал	172683352	5
рента	172554897	5
венок	172528763	5
питон	172229046	5
номер	172064460	5
радио	172023574	5
ленок	171828218	5
носик	171687013	5
оникс	171687013	5
бетон	171617312	5
навет	171568791	5
коран	171310664	5
крона	171310664	5
норка	171310664	5
рокан	171310664	5
орден	170913518	5
весло	170893627	5
лента	170868246	5
налет	170868246	5
сатин	170727041	5
опека	170447743	5
свора	170376073	5
стадо	170201617	5
невод	169927412	5
танго	169925980	5
норма	169860255	5
роман	169860255	5
метро	169846549	5
затон	169691244	5
котел	169610307	5
леток	169610307	5
телок	169610307	5
исток	169469102	5
стоик	169469102	5
батон	169413107	5
стопа	169351071	5
отлив	169349486	5
актор	169092753	5
синод	169085662	5
оазис	169011575	5
амвон	168874149	5
народ	168709313	5
радон	168709313	5
осень	168356228	5
жетон	168312461	5
омлет	168159898	5
квота	168106647	5
сезон	167901519	5
напор	167858767	5
весна	167574861	5
навес	167574861	5
ландо	167022662	5
тиран	167016826	5
отдел	167008956	5
диета	167004451	5
минор	166526389	5
арест	166343056	5
натек	166291541	5
нолик	166290147	5
полет	166158410	5
тепло	166158410	5
ротик	165758887	5
трико	165758887	5
занос	165697314	5
тропа	165640856	5
лесок	165616377	5
сотая	165288584	5
окрас	165098823	5
метан	164841132	5
лимон	164839738	5
виток	164772781	5
стела	164656405	5
талес	164656405	5
зерно	164191304	5
резон	164191304	5
совка	164112717	5
плато	163954205	5
толпа	163954205	5
манок	163596899	5
силен	163540450	5
оскал	163412172	5
омега	163360402	5
мотив	163322372	5
звено	163205198	5
демон	163199753	5
домен	163199753	5
седло	163015026	5
олень	162959362	5
хитон	162931650	5
посев	162865025	5
пилон	162838250	5
гиена	162734884	5
ковер	162606707	5
донка	162445957	5
износ	162363448	5
сноха	162271586	5
аргон	162221835	5
орган	162221835	5
отрез	161973393	5
масло	161961763	5
смола	161961763	5
колер	161906162	5
тонус	161747084	5
барон	161708962	5
набор	161708962	5
спора	161646926	5
копна	161595411	5
потек	161581705	5
створ	161510035	5
минет	161507266	5
вагон	161235729	5
вазон	161000993	5
навоз	161000993	5
домна	160995548	5
метод	160981842	5
ранчо	160957388	5
смена	160847202	5
сатир	160804985	5
висок	160778851	5
нитка	160753470	5
отель	160741451	5
пилот	160620339	5
налог	160535184	5
ирмос	160314548	5
катод	160228046	5
помет	160131296	5
аскет	160079700	5
секта	160079700	5
сетка	160079700	5
тесак	160079700	5
ослик	160078306	5
силок	160078306	5
облет	160008605	5
ведро	160005356	5
древо	160005356	5
валет	159960084	5
ветла	159960084	5
ствол	159823384	5
свита	159818879	5
затор	159769188	5
район	159763457	5
десна	159696260	5
седан	159696260	5
аборт	159491051	5
табор	159491051	5
торба	159491051	5
рацио	159410263	5
капот	159377500	5
топка	159377500	5
сидор	159163606	5
прево	159154810	5
война	158777351	5
валок	158715851	5
вокал	158715851	5
фасон	158703157	5
сотня	158640457	5
смета	158629291	5
ботва	158504945	5
седок	158438321	5
одежа	158391736	5
сироп	158313060	5
пинок	158261545	5
злато	158082537	5
томик	158045122	5
нутро	158036869	5
имаго	157822331	5
табло	157804400	5
дрова	157801151	5
бекон	157649811	5
идеал	157613655	5
литер	157612324	5
песок	157587775	5
транс	157490724	5
молва	157265442	5
агент	157202712	5
фреон	157197147	5
манер	157136987	5
ровик	157068636	5
повар	156950605	5
право	156950605	5
помин	156811136	5
отпад	156776149	5
склон	156764045	5
санки	156759540	5
кисет	156745834	5
геном	156712275	5
налив	156639924	5
полис	156626409	5
сопли	156626409	5
левит	156626218	5
олифа	156620552	5
мезон	156477539	5
актер	156369485	5
катер	156369485	5
терка	156369485	5
ролик	156368091	5
доска	156234116	5
садок	156234116	5
обмен	156199402	5
обида	156158516	5
торец	156082296	5
топик	156043634	5
недра	155986045	5
гонка	155958479	5
закон	155723743	5
суета	155671943	5
пенис	155511848	5
фенол	155510496	5
сопка	155383570	5
ветка	155383379	5
сифон	155369291	5
охват	155357354	5
манси	155309131	5
метис	155295425	5
семит	155295425	5
нерпа	155135499	5
штора	155118022	5
форте	154979236	5
засов	154789152	5
смотр	154782376	5
декор	154728106	5
докер	154728106	5
кредо	154728106	5
кочан	154694032	5
ночка	154694032	5
телка	154682834	5
киста	154541629	5
такси	154541629	5
манго	154508070	5
чтиво	154419505	5
надел	154299394	5
веник	154267424	5
торий	154211680	5
мелок	154192397	5
напев	154149393	5
сомик	154051192	5
обман	153995197	5
покер	153877560	5
мерин	153803121	5
минер	153803121	5
ворье	153737851	5
комар	153674843	5
корма	153674843	5
зенит	153634110	5
юниор	153544044	5
отказ	153505832	5
пенал	153448848	5
псина	153307643	5
спина	153307643	5
метла	153232425	5
агенс	153208782	5
софит	153151380	5
ледок	153041455	5
патер	152917588	5
тапер	152917588	5
диско	152900250	5
оксид	152900250	5
посад	152782219	5
спорт	152780888	5
строп	152780888	5
точка	152476121	5
проем	152427151	5
козни	152389877	5
аскер	152375555	5
шатен	152316810	5
чрево	152253431	5
пекло	152190909	5
ножка	152140755	5
поиск	152049704	5
конец	152036851	5
ломка	151988192	5
начес	151944335	5
полив	151930088	5
живот	151866228	5
винцо	151776030	5
капор	151673355	5
парок	151673355	5
порка	151673355	5
медиа	151586541	5
толща	151575109	5
водка	151537795	5
щенок	151420520	5
телик	151348968	5
косая	151321083	5
овраг	151313673	5
лепта	151230937	5
почет	151228429	5
столп	151094237	5
танец	151076879	5
морда	151073492	5
надой	150898750	5
намек	150873631	5
немка	150873631	5
монах	150847606	5
кодла	150837250	5
лодка	150837250	5
оклад	150837250	5
стенд	150830222	5
мосье	150720407	5
леска	150688904	5
бином	150661331	5
динар	150447974	5
слива	150428083	5
мирок	150340977	5
алеут	150275077	5
паром	150222946	5
этнос	150111479	5
топаз	150053935	5
динго	150023262	5
полка	149986704	5
филон	149972425	5
лиман	149912265	5
налим	149912265	5
биток	149893829	5
ботик	149893829	5
актив	149845308	5
пшено	149824885	5
адрес	149774204	5
среда	149774204	5
число	149725030	5
декан	149722689	5
мошна	149622168	5
досье	149569465	5
бидон	149510389	5
диван	149461868	5
испод	149448353	5
донец	149435500	5
вынос	149407062	5
митра	149381005	5
умора	149267086	5
басок	149233765	5
скоба	149233765	5
вобла	149114149	5
обвал	149114149	5
почта	149024224	5
каноэ	149003946	5
жерло	148999609	5
сапер	148923658	5
ливер	148922073	5
пенка	148872143	5
ножик	148806889	5
длина	148761323	5
митоз	148721557	5
макет	148655720	5
метка	148655720	5
темка	148655720	5
ломик	148654326	5
милок	148654326	5
рулон	148646073	5
сачок	148482191	5
часок	148482191	5
видок	148203929	5
взнос	148141025	5
колея	148128422	5
елань	148031889	5
почин	147908269	5
ангел	147811916	5
самбо	147783356	5
конус	147779583	5
сукно	147779583	5
яство	147732295	5
отчим	147691846	5
томич	147691846	5
шепот	147606974	5
детка	147504778	5
кадет	147504778	5
тезис	147422269	5
падло	147385353	5
пират	147379517	5
пивко	147353383	5
сойка	147288260	5
тренд	147120007	5
сцена	147082949	5
зевок	147019786	5
медок	147014341	5
карел	146978689	5
ларек	146978689	5
очерк	146976181	5
хорал	146952664	5
искра	146837484	5
колье	146773950	5
треба	146767783	5
ариец	146686995	5
пакет	146654232	5
газон	146634914	5
загон	146634914	5
окись	146632745	5
сдоба	146632414	5
вояка	146624762	5
квант	146531047	5
кофта	146511675	5
фотка	146511675	5
редис	146440338	5
козел	146319241	5
сапог	146294741	5
есаул	146281147	5
обмер	146277346	5
ровня	146239991	5
фронт	146126904	5
бонза	146122041	5
отъем	146115176	5
завет	146059814	5
белок	146041104	5
горка	146036423	5
кагор	146036423	5
черта	146016209	5
валек	145992583	5
левак	145992583	5
ксива	145851378	5
сивка	145851378	5
зарок	145801687	5
разок	145801687	5
пидор	145738138	5
ловец	145705394	5
схрон	145701403	5
плита	145692866	5
легат	145594005	5
перси	145589792	5
кобра	145523550	5
пижон	145354992	5
камин	145335560	5
митек	145321854	5
турне	145313601	5
унтер	145313601	5
пятно	145214989	5
судно	145178232	5
отжим	145138569	5
бедро	145126404	5
балет	145081132	5
столб	144944432	5
сошка	144860736	5
корча	144771976	5
рачок	144771976	5
улита	144737006	5
строй	144685578	5
хорек	144580164	5
порез	144553995	5
свами	144400969	5
вихор	144319343	5
шпион	144286814	5
батог	144138866	5
сынок	144129812	5
фавор	144084780	5
адепт	144052881	5
бокал	143836899	5
колба	143836899	5
ислам	143700424	5
щиток	143664538	5
ликер	143644823	5
летун	143626950	5
мопед	143562444	5
крест	143509517	5
треск	143509517	5
отрыв	143478936	5
барин	143447623	5
дрога	143435072	5
флора	143384235	5
ранец	143372734	5
кореш	143354726	5
пикет	143320366	5
задор	143200336	5
опись	143180848	5
авеню	143168536	5
мохер	143129755	5
гонец	142948022	5
бизон	142788175	5
бакен	142722338	5
игрок	142702557	5
залом	142664627	5
велик	142658717	5
плева	142540686	5
хвост	142497386	5
литье	142480112	5
стояк	142455045	5
русло	142434232	5
шатер	142394754	5
клоун	142382717	5
колун	142382717	5
кулон	142382717	5
уклон	142382717	5
кроха	142375959	5
запор	142349790	5
проза	142349790	5
глина	142273845	5
завод	142214230	5
бутон	142171811	5
враки	142141163	5
майор	142127636	5
проба	142071653	5
линза	142039109	5
излет	142025403	5
чекан	141970764	5
кайло	141891394	5
турок	141851457	5
плечо	141837633	5
клест	141822866	5
холст	141796841	5
билет	141747266	5
ленца	141686083	5
талия	141630379	5
слега	141600075	5
истец	141531172	5
ситец	141531172	5
серия	141527305	5
домик	141476270	5
акрил	141440618	5
слеза	141365339	5
порча	141320079	5
вожак	141232593	5
триба	141229712	5
кость	141100573	5
дилер	141043472	5
лидер	141043472	5
свеча	141036173	5
измор	141017412	5
логик	141015906	5
вольт	140980957	5
мерка	140951575	5
рдест	140908166	5
галоп	140897875	5
тезка	140782564	5
мажор	140768290	5
холка	140689308	5
ложка	140532048	5
лобик	140503033	5
облик	140503033	5
валик	140454512	5
вилка	140454512	5
нырок	140419597	5
рынок	140419597	5
наезд	140399124	5
почва	140333973	5
битва	140243606	5
шелом	140217666	5
исход	140150957	5
сюита	140108875	5
перст	140057620	5
минея	140025381	5
янтра	140002769	5
лизат	139821198	5
щелок	139811813	5
хорда	139774608	5
зенки	139666609	5
скотч	139616153	5
талиб	139543061	5
лошак	139463870	5
школа	139463870	5
бисер	139439987	5
женка	139417487	5
вотум	139414942	5
излом	139330761	5
песик	139326436	5
малек	139264924	5
пирог	139250660	5
ездок	139141185	5
макси	139123719	5
миска	139123719	5
аршин	139074594	5
пафос	139065848	5
пакер	138950087	5
репка	138950087	5
жирок	138884833	5
рожки	138884833	5
родич	138836759	5
девка	138814527	5
пожар	138766802	5
копье	138745348	5
трояк	138744830	5
дартс	138703961	5
нохчи	138610873	5
жилет	138442415	5
грант	138428324	5
обрез	138404190	5
лафет	138365112	5
родня	138361390	5
рядно	138361390	5
дерма	138350224	5
дрема	138350224	5
кашне	138349309	5
мечта	138302444	5
бонус	138177881	5
замок	138087922	5
мазок	138087922	5
рахит	138082121	5
абвер	138077532	5
верба	138077532	5
былое	137983576	5
садик	137972777	5
манеж	137967078	5
тираж	137924861	5
болид	137901682	5
сурок	137857527	5
мания	137821176	5
ямина	137821176	5
алтын	137772974	5
шпора	137698624	5
книга	137697140	5
лазер	137655124	5
аудит	137558950	5
отжиг	137500149	5
ампер	137499678	5
кинза	137462404	5
салун	137428815	5
фагот	137422846	5
форма	137357121	5
лепка	137263436	5
абрис	137235782	5
жакет	137199576	5
мочка	137058211	5
задок	136936980	5
сутра	136897555	5
гроза	136712858	5
розга	136712858	5
герой	136693421	5
юноша	136639823	5
багор	136434721	5
четки	136418987	5
мусор	136407118	5
гопак	136321170	5
опиум	136217967	5
дрофа	136206179	5
забор	136199985	5
образ	136199985	5
локус	136170876	5
пласт	136166764	5
отряд	136143479	5
показ	136086434	5
сфера	136057833	5
метиз	135998289	5
отшиб	135919098	5
устав	135911449	5
дочка	135907269	5
мойка	135864280	5
догма	135721307	5
кольт	135703707	5
поезд	135689288	5
мешок	135640961	5
семга	135572961	5
огрех	135491335	5
туман	135395631	5
замес	135338225	5
сезам	135338225	5
кисея	135263949	5
тазик	135244493	5
тромб	135207103	5
оргия	135188173	5
гнида	135095789	5
почка	135056723	5
сплин	135050809	5
финал	135044952	5
залог	135026207	5
гомик	134988792	5
сленг	134951948	5
ацтек	134891467	5
сквер	134819266	5
силач	134797557	5
благо	134748070	5
дойка	134713338	5
дебит	134569210	5
копия	134561749	5
аспид	134520880	5
спирт	134519549	5
тариф	134513692	5
злоба	134513334	5
центр	134506696	5
питье	134451510	5
купон	134354115	5
щетка	134275136	5
читка	134214782	5
сырок	134207756	5
прием	134165812	5
устой	134014465	5
жинка	133879416	5
годик	133837850	5
пьеса	133791446	5
свояк	133764794	5
милка	133726853	5
рулет	133704894	5
весть	133654555	5
набег	133633509	5
транш	133542422	5
ходка	133511252	5
кошма	133436756	5
мошка	133436756	5
парик	133412016	5
пуант	133394143	5
пошив	133378652	5
видак	133276456	5
затея	133268180	5
желоб	133134551	5
элита	133101401	5
резак	133078419	5
резка	133078419	5
грива	133052334	5
хорей	133032957	5
горец	133025966	5
лесть	132954010	5
утеха	132949079	5
фиорд	132872313	5
абрек	132800282	5
угода	132763959	5
валун	132732494	5
посул	132718979	5
дичок	132573403	5
чехол	132540237	5
борец	132513093	5
нажим	132429007	5
пойма	132412383	5
ткань	132384941	5
шкода	132285814	5
плоть	132251810	5
откуп	132136204	5
речка	132048708	5
харчо	132022683	5
профи	132021767	5
левша	132017852	5
гость	132011744	5
страз	131981747	5
ампир	131961607	5
прима	131961607	5
венгр	131942278	5
схема	131912497	5
гарем	131862746	5
ольха	131820452	5
ларец	131764027	5
капли	131725365	5
липка	131725365	5
пилка	131725365	5
замер	131628010	5
кашпо	131435268	5
шифон	131420989	5
багет	131415598	5
броня	131361039	5
голец	131339315	5
франт	131199431	5
залив	131130947	5
белка	131113631	5
фомка	131093765	5
блоха	131087606	5
отгул	131075977	5
мурло	131010252	5
рейка	130854777	5
шторм	130834074	5
рапид	130810665	5
улика	130769505	5
нарыв	130769374	5
сталь	130749805	5
щегол	130722984	5
кнехт	130708709	5
возня	130653070	5
скаут	130634199	5
днище	130557830	5
фарси	130519762	5
финка	130468247	5
зачет	130429288	5
трюмо	130376051	5
шивер	130370637	5
челка	130362057	5
выгон	130344662	5
рознь	130284704	5
смоль	130259368	5
часик	130220852	5
свинг	130114422	5
сброд	130062231	5
типун	130060277	5
бронь	130006567	5
игрек	129979289	5
рвань	129958046	5
нумер	129895691	5
нытик	129862403	5
феска	129794477	5
ягода	129657332	5
хакер	129652691	5
парез	129626522	5
сопля	129612352	5
рывок	129511435	5
самец	129447128	5
сингл	129413877	5
архив	129391870	5
трель	129243795	5
вираж	129234610	5
смута	129183790	5
лакей	129168126	5
лейка	129168126	5
хайло	129142101	5
бытие	129113033	5
хутор	129102164	5
посыл	129069208	5
вылет	129069017	5
пяток	129029577	5
нимфа	129017838	5
судок	128992820	5
окунь	128937156	5
побег	128923673	5
бачок	128906918	5
бочка	128906918	5
шпрот	128832586	5
крыло	128810890	5
задел	128790417	5
медик	128753002	5
кровь	128700107	5
запев	128640416	5
страх	128556019	5
этика	128524696	5
песня	128497791	5
решка	128427253	5
страж	128398759	5
пихта	128366868	5
гений	128354138	5
битье	128301705	5
мизер	128294144	5
типаж	128209608	5
удила	128168154	5
минус	128067835	5
агнец	128020549	5
кроль	127999562	5
снедь	127993865	5
поэма	127916228	5
армия	127899120	5
отзыв	127892015	5
лежак	127808780	5
лежка	127808780	5
взлет	127802980	5
тварь	127740135	5
лихва	127705219	5
яичко	127660370	5
модус	127542411	5
разик	127540348	5
сплав	127476513	5
лунка	127455244	5
вешка	127441147	5
стиль	127415939	5
слюна	127403818	5
лоция	127375689	5
филер	127327101	5
сквош	127304447	5
сутки	127300333	5
гумно	127266774	5
бирка	127262211	5
бутан	127244338	5
табун	127244338	5
глист	127195966	5
царек	127187322	5
церка	127187322	5
ступа	127182302	5
камея	127173835	5
песнь	127143319	5
зачин	127109128	5
шофер	127037004	5
месть	126926896	5
турка	126923984	5
индус	126916893	5
пчела	126910160	5
драже	126894080	5
скетч	126892885	5
дебри	126865065	5
дерби	126865065	5
педик	126751514	5
жокей	126612341	5
раунд	126540544	5
нытье	126531618	5
редут	126526838	5
космы	126493991	5
мысок	126493991	5
синяк	126411617	5
схима	126374426	5
живой	126351520	5
бивак	126276105	5
щипок	126245140	5
милая	126212469	5
девиз	126157096	5
бронх	126126130	5
порыв	126059538	5
птица	125901499	5
пария	125897632	5
тимус	125849924	5
гвалт	125833511	5
скейт	125698954	5
стейк	125698954	5
вздор	125644047	5
бодун	125602959	5
обуза	125528872	5
целка	125500671	5
смерд	125490256	5
рельс	125249865	5
хасид	125223484	5
салют	125185907	5
дебил	125178414	5
гидра	125173733	5
зомби	125152354	5
взлом	125108338	5
ершик	125093387	5
стриж	125064893	5
житье	124996854	5
степь	124925408	5
дебош	124888317	5
щелка	124884340	5
вирус	124873438	5
умолк	124746896	5
масть	124722691	5
режим	124711156	5
ферма	124633853	5
неуют	124617491	5
цедра	124585971	5
запой	124539227	5
навык	124506018	5
укроп	124432059	5
плеск	124403468	5
склеп	124403468	5
факел	124397611	5
флокс	124260911	5
шорты	124226955	5
заход	124187687	5
кирха	124114620	5
писец	124111774	5
хунта	124096747	5
слюни	124069952	5
нация	124056923	5
малец	124050262	5
греза	123989590	5
устье	123969548	5
шитье	123928676	5
созыв	123898085	5
дефис	123859260	5
тунец	123835583	5
мулат	123786924	5
калий	123630055	5
вопль	123561559	5
бренд	123550804	5
юрист	123538692	5
зебра	123476717	5
нищая	123440592	5
наряд	123433917	5
общак	123429201	5
клише	123406736	5
лишек	123406736	5
чужое	123398515	5
жених	123334328	5
моряк	123326920	5
смрад	123286051	5
кофей	123201172	5
ясень	123080832	5
знать	123061376	5
склад	123049809	5
кельт	122980439	5
клеть	122980439	5
греча	122959879	5
русак	122930054	5
нарды	122890773	5
рында	122890773	5
рикша	122889182	5
шарик	122889182	5
шатун	122871309	5
кисть	122839234	5
кефир	122750396	5
купол	122745408	5
пасть	122721203	5
радий	122715355	5
полюс	122693982	5
объем	122545973	5
мираж	122506951	5
тембр	122483835	5
цинга	122482478	5
вогул	122385726	5
печка	122333455	5
тыква	122288107	5
жилка	122270709	5
бланк	122261299	5
рядок	122175978	5
целик	122166805	5
вальс	122059554	5
палец	122048774	5
шажок	121980612	5
пемза	121912757	5
спица	121907569	5
дятел	121733560	5
ивняк	121715296	5
базис	121648861	5
утеря	121613805	5
тычок	121585054	5
клещи	121550474	5
ширма	121438773	5
скирд	121402594	5
хомут	121388399	5
юнкер	121321103	5
скула	121243403	5
сучок	121240895	5
бутса	121032497	5
петля	120883014	5
дезик	120879846	5
тальк	120776234	5
ходжа	120604699	5
скрип	120552048	5
рафик	120546191	5
факир	120546191	5
рояль	120485178	5
стезя	120408212	5
длань	120392794	5
регби	120377587	5
дупло	120144057	5
басня	120143781	5
выбор	119909733	5
обрыв	119909733	5
досуг	119903991	5
шнапс	119833239	5
ряска	119823427	5
богач	119818089	5
лярва	119703811	5
поляк	119638781	5
сурик	119596188	5
штрек	119561215	5
буран	119540193	5
плеть	119528542	5
парус	119478157	5
трейд	119387388	5
опция	119347087	5
крыса	119280283	5
рысак	119280283	5
штаны	119221538	5
тумак	119210219	5
бровь	119098405	5
рифма	119095782	5
фирма	119095782	5
резня	118915908	5
босяк	118885842	5
счеты	118835357	5
округ	118795127	5
эвенк	118724389	5
пешка	118712000	5
пошиб	118499700	5
забой	118389422	5
галун	118366415	5
вклад	118353488	5
враль	118349339	5
обыск	118342698	5
нефть	118271424	5
блеск	118253663	5
курва	118233733	5
рукав	118233733	5
сакля	118136776	5
патлы	118135665	5
кювет	118117086	5
умник	118094264	5
дукат	118059277	5
честь	118024029	5
шихта	117844034	5
пазик	117825095	5
руины	117750501	5
смерч	117738331	5
скарб	117736109	5
скраб	117736109	5
стужа	117727646	5
кофий	117663101	5
евнух	117610701	5
кузов	117574285	5
экран	117506290	5
рэкет	117492584	5
лимфа	117409131	5
труба	117322282	5
франк	117231930	5
капут	117208731	5
падеж	117178827	5
чирей	117167635	5
чулан	117101968	5
уазик	116869235	5
щепка	116855738	5
фреза	116760697	5
гелий	116745431	5
эпоха	116617344	5
рытье	116609562	5
рохля	116604741	5
кубло	116595603	5
лубок	116595603	5
отдых	116587686	5
чернь	116531725	5
фетиш	116479810	5
ябеда	116421191	5
одурь	116413749	5
треух	116378896	5
флирт	116256858	5
рубин	116206327	5
сенцы	116191882	5
хворь	115950814	5
якорь	115908473	5
время	115880902	5
омуль	115878040	5
лучок	115844029	5
чулок	115844029	5
часть	115819824	5
резус	115810694	5
кузен	115759179	5
барий	115715004	5
булат	115635631	5
осыпь	115623647	5
жилье	115606058	5
грань	115591967	5
изгой	115568429	5
улица	115554843	5
ребус	115532557	5
висяк	115503455	5
шибер	115491685	5
херня	115490180	5
жесть	115470752	5
фокус	115276449	5
пизда	115223744	5
сумка	115216289	5
брань	115079094	5
конюх	115031722	5
крафт	115014019	5
выпас	114842280	5
плебс	114801766	5
экзот	114628931	5
спрей	114542912	5
краля	114426561	5
биржа	114355658	5
иудей	114248447	5
причт	114192702	5
труха	114174691	5
вычет	114139036	5
хрень	114135708	5
рация	114134867	5
смерш	114116876	5
пятак	114102104	5
пятка	114102104	5
тяпка	114102104	5
судак	114065347	5
дувал	113945731	5
обжиг	113930946	5
дымок	113919069	5
тупик	113874865	5
аргус	113841225	5
гусар	113841225	5
батыр	113672511	5
пытка	113558960	5
бойня	113550476	5
шалун	113480513	5
сикль	113448438	5
фаянс	113427761	5
зефир	113426831	5
недуг	113392564	5
дверь	113375488	5
лужок	113290752	5
букет	113263131	5
козлы	113223969	5
ухват	113188585	5
утиль	113034611	5
маляр	112976152	5
марля	112976152	5
пижма	112791698	5
дрель	112674943	5
сырье	112615632	5
обряд	112574276	5
магия	112546935	5
вепрь	112524942	5
выдел	112500165	5
драфт	112412668	5
прайс	112338707	5
газик	112188163	5
слуга	112154574	5
шафер	112109531	5
фобия	112094222	5
лихач	112074693	5
выдра	111982611	5
лютик	111878470	5
главк	111866010	5
леший	111859529	5
шурин	111833298	5
прель	111824397	5
мясцо	111822473	5
чешка	111810621	5
учеба	111775893	5
упрек	111708791	5
башли	111600829	5
принц	111549227	5
мурка	111506074	5
слайд	111502602	5
дутье	111394626	5
закут	111337063	5
сдвиг	111327659	5
дробь	111219804	5
грунт	111187028	5
фибра	110944489	5
бачки	110645579	5
люпин	110644484	5
лицей	110619598	5
шейка	110616690	5
спрут	110612119	5
струп	110612119	5
гниль	110571450	5
пункт	110560604	5
позыв	110472617	5
зятек	110434641	5
дурак	110355132	5
дурка	110355132	5
быдло	110344481	5
тучка	110307352	5
узник	110221108	5
форум	110115825	5
приют	110113224	5
пузан	110103077	5
лопух	109996115	5
живец	109960797	5
кутеж	109958280	5
щечка	109954359	5
жисть	109932681	5
гудок	109930420	5
угорь	109926271	5
сюжет	109906854	5
мазут	109886654	5
эфиоп	109715049	5
лишай	109655324	5
тумба	109608517	5
крупа	109504586	5
дубок	109417547	5
жилец	109260252	5
русич	109242912	5
бугор	109193425	5
матюк	109185222	5
вятич	109144109	5
казнь	109093875	5
френч	109082859	5
знамя	108997938	5
мазня	108997938	5
мытье	108895797	5
гусли	108820708	5
шланг	108799441	5
шериф	108775665	5
шифер	108775665	5
кащей	108760428	5
жрица	108742698	5
уклад	108668481	5
слюда	108617055	5
сабля	108535074	5
драйв	108492932	5
обувь	108427292	5
армяк	108399447	5
лохмы	108347832	5
уголь	108239620	5
кумир	108172208	5
забег	108124532	5
эклер	108101788	5
обруч	107928978	5
дрожь	107914953	5
выдох	107897435	5
выход	107897435	5
акция	107871511	5
пучок	107815427	5
вишня	107740565	5
бутик	107725060	5
вуаль	107678226	5
жираф	107639638	5
латыш	107612831	5
гусак	107577869	5
вырез	107464602	5
кварц	107426828	5
нужда	107370635	5
казус	107343133	5
будни	107341620	5
крепь	107247692	5
сглаз	107238766	5
суфле	107129886	5
кудри	107021266	5
шквал	106980108	5
вождь	106928847	5
зажим	106920030	5
индюк	106918325	5
пудра	106903235	5
спазм	106848584	5
зипун	106769211	5
лямка	106712796	5
дырка	106705361	5
тушка	106685897	5
штука	106685897	5
шутка	106685897	5
петух	106663643	5
зверь	106653274	5
вздох	106631398	5
струя	106549632	5
фланг	106456450	5
бегун	106392213	5
сучка	106313422	5
битум	106274651	5
шумок	106195460	5
чувал	106193806	5
штамп	106191348	5
калым	106169652	5
халиф	106110247	5
акциз	106062330	5
варяг	106038277	5
трусы	106006488	5
дышло	105971452	5
лючок	105819032	5
эйдос	105810008	5
шулер	105762662	5
червь	105623563	5
племя	105465104	5
цукат	105445966	5
семья	105445011	5
мятеж	105401244	5
цифра	105331529	5
мафия	105318042	5
душок	105044518	5
валуй	104999875	5
струг	104975187	5
кучер	104807412	5
пурим	104720311	5
капля	104711308	5
пакля	104711308	5
юдоль	104702101	5
пешня	104549489	5
фьорд	104503784	5
хомяк	104314271	5
гусик	104244003	5
кладь	104207382	5
пушок	104193972	5
слизь	104124873	5
рысца	104065621	5
блюдо	103969255	5
фрунт	103958135	5
чутье	103642701	5
левый	103554309	5
штиль	103467637	5
бурак	103354781	5
бурка	103354781	5
рубка	103354781	5
пламя	103260899	5
судия	103217097	5
муфта	102892497	5
эгида	102867015	5
зубок	102695333	5
сушка	102691967	5
успех	102669713	5
думка	102641367	5
мудак	102641367	5
круча	102603207	5
ручка	102603207	5
чурка	102603207	5
загиб	102586461	5
буква	102368675	5
пашня	102345284	5
хаджи	102343360	5
выпад	102267358	5
разум	102182509	5
румба	101904372	5
холуй	101900805	5
медяк	101738945	5
булка	101668130	5
чувак	101617101	5
гейша	101527861	5
келья	101498554	5
рюмка	101481077	5
хруст	101314723	5
шахид	101275182	5
штрих	101273851	5
груда	101266303	5
лютня	101049825	5
штраф	101039288	5
бремя	101001950	5
испуг	100792106	5
беляк	100765708	5
бурда	100753430	5
гриль	100649394	5
дебют	100636783	5
пурга	100415757	5
изыск	100359496	5
фишка	100308104	5
круиз	100299052	5
матюг	100096393	5
кураж	100049930	5
штамб	100041543	5
брошь	99846424	5
удаль	99799625	5
шумер	99735548	5
рыбак	99705010	5
рыбка	99705010	5
верфь	99659117	5
удерж	99652784	5
земля	99593436	5
вязка	99540185	5
кулеш	99499306	5
голыш	99483974	5
месяц	99099205	5
дымка	98991596	5
шкура	98981752	5
хурма	98756781	5
рупия	98656336	5
выезд	98599895	5
брейк	98419536	5
жучок	98360771	5
бухта	98309633	5
гряда	98159676	5
тягач	98111896	5
шваль	98111252	5
балык	98018359	5
бычок	98015851	5
заряд	97924940	5
кляча	97809929	5
мразь	97721410	5
шрифт	97705422	5
тюбик	97700063	5
вихрь	97689475	5
кулич	97582690	5
лучик	97582690	5
мураш	97531343	5
клуша	97295101	5
лычка	97266785	5
ничья	97215914	5
вафля	97122733	5
жупел	97115587	5
клуня	97107321	5
фикус	97015110	5
ушица	97003407	5
буфет	96945409	5
унция	96815627	5
румын	96800419	5
цезий	96719328	5
ладья	96692998	5
пырей	96511813	5
ингуш	96481113	5
ягуар	96353270	5
гольф	96329655	5
башня	96195479	5
шхуна	96154515	5
хлыст	95978301	5
кожух	95964754	5
чипсы	95877888	5
ряшка	95875125	5
брюхо	95507964	5
крыша	95331981	5
ляжка	95256652	5
цигун	95241182	5
жердь	95191685	5
гладь	95118553	5
тяжба	95045746	5
жулик	95029413	5
цыган	94925277	5
кумач	94889442	5
чумак	94889442	5
туляк	94889410	5
хмель	94813236	5
малый	94622445	5
будка	94490074	5
вышка	94345875	5
хмарь	94295682	5
жизня	94207928	5
арбуз	94031216	5
съезд	93885727	5
сыщик	93852068	5
чудак	93738500	5
хряпа	93648666	5
шмель	93587798	5
культ	93534938	5
пряжа	93491406	5
ощупь	93468854	5
ружье	93385279	5
ручей	93260205	5
рыжик	93066293	5
гурия	93019404	5
загул	92857438	5
взмах	92854867	5
жизнь	92853456	5
рубеж	92652433	5
эскиз	92373662	5
блуза	92344565	5
завуч	92293536	5
малыш	92194921	5
дрянь	91731522	5
жулье	91698628	5
плешь	91586310	5
былье	91353708	5
ухарь	91338334	5
милый	91288579	5
мушка	91267987	5
фугас	91260147	5
дужка	91185223	5
падуб	91038177	5
фигня	91031495	5
шляпа	90736577	5
фуэте	90503749	5
чудик	90404634	5
рубец	90344324	5
фрейм	90253107	5
купец	90230773	5
душка	90117045	5
пульт	90083041	5
бирюк	89995918	5
брюки	89995918	5
узбек	89972065	5
груша	89892923	5
рычаг	89864607	5
ущерб	89727993	5
изъян	89646464	5
думец	89630910	5
цапля	89496646	5
эмаль	89314962	5
пушка	89266499	5
буфер	89241264	5
учхоз	89194466	5
въезд	89189406	5
дрейф	89102165	5
мэрия	89022219	5
мужик	89002299	5
глыба	88929530	5
бридж	88920768	5
лабух	88918837	5
белый	88675357	5
штурм	88665305	5
битюг	88611234	5
мячик	88448949	5
шухер	88436664	5
прыть	88119921	5
губка	88002596	5
фрукт	87772723	5
чуваш	87642370	5
камыш	87618216	5
мышка	87618216	5
грыжа	87311330	5
брешь	87123156	5
заумь	87050297	5
гжель	87017556	5
бурят	86974359	5
чужой	86813564	5
юрфак	86613764	5
музей	86576151	5
пульс	86089111	5
шпиль	86048239	5
тулья	86020554	5
фужер	85936413	5
бляха	85812210	5
фурия	85790511	5
желчь	85753109	5
барыш	85730279	5
фильм	85706736	5
пышка	85616728	5
суфий	85467903	5
ферзь	85058302	5
плюха	85043645	5
мякиш	84827494	5
мысль	84440828	5
зубик	84433994	5
цыпка	84376797	5
кумыс	84325222	5
блажь	84300478	5
зыбка	84118089	5
вьюга	83987695	5
пугач	83799125	5
фураж	83732208	5
пуфик	83589642	5
ярлык	83535494	5
жучка	83433298	5
чужак	83433298	5
чубик	83404283	5
пыжик	83351040	5
кузня	83207051	5
шубка	83116694	5
сбруя	82980429	5
ямщик	82971232	5
фляга	82756654	5
бадья	82514591	5
брэнд	82469698	5
чушка	82365120	5
рыжий	81519086	5
кутья	81443849	5
шприц	81389084	5
лыжня	80550997	5
кухня	79781323	5
флюид	78991896	5
князь	78745952	5
шельф	78720485	5
туфля	78571688	5
кибуц	78542897	5
связь	77811361	5
выкуп	77627413	5
штырь	77597087	5
купля	77470012	5
чешуя	77054941	5
эрбий	76838103	5
эрзац	76782651	5
выгул	76567186	5
бугай	76455389	5
рубль	76229091	5
шлейф	76042134	5
бьюик	74863706	5
судья	74848568	5
гуашь	74760711	5
зубец	74757403	5
шлюха	74520811	5
курья	73739704	5
мышца	72403554	5
прядь	72094213	5
букля	71320207	5
упырь	69744663	5
грудь	69563908	5
хуйня	68234116	5
дубль	67364384	5
муляж	66564947	5
щипцы	65211938	5
блядь	64257757	5
тюфяк	63969986	5
хмырь	63404615	5
убыль	61908207	5
дуэль	60922724	5
глубь	60876906	5
грязь	59735067	5
гуляш	57858349	5
глушь	56503877	5
хлябь	54109815	5
уздцы	48662482	5
новое	210289775	4
анион	200732393	4
ореол	199667174	4
осока	196596479	4
тонна	195200221	4
торос	193993797	4
остов	193007691	4
лотос	192307146	4
аорта	191926292	4
отара	191926292	4
ворон	191515387	4
норов	191515387	4
анонс	191206291	4
носок	189948352	4
опора	189434367	4
ворот	189297476	4
тесто	188974674	4
охота	187841116	4
откос	187730441	4
отлов	187610825	4
окоем	187376704	4
донос	187347001	4
особа	186994777	4
понос	186496455	4
озеро	185766904	4
насос	184994450	4
сосна	184994450	4
локон	184551486	4
топос	184278544	4
ответ	184278353	4
отрок	184020226	4
рокот	184020226	4
донор	183636786	4
рондо	183636786	4
волос	183616895	4
слово	183616895	4
отлет	183577808	4
орава	183236041	4
порно	182786240	4
мотор	182569817	4
лоток	182333575	4
сноси	181660584	4
арена	181420935	4
канон	181232720	4
полон	181099589	4
молот	180883166	4
отпор	180568329	4
ропот	180568329	4
топор	180568329	4
отвод	180432769	4
покои	179837145	4
осада	179067655	4
совок	179040190	4
оплот	178881678	4
донна	178631369	4
помои	178386736	4
колос	178339645	4
сокол	178339645	4
лобио	178264045	4
панно	177780823	4
фотон	177624560	4
ретро	177560314	4
тотем	177550694	4
кодон	177373430	4
серсо	177276599	4
гонор	177149308	4
танин	176938882	4
мосол	176889236	4
откат	176796898	4
опрос	176574399	4
просо	176574399	4
идиот	176393853	4
моток	176306461	4
коала	176272140	4
говно	176163202	4
солод	175738294	4
томат	175346489	4
ссора	175072394	4
отрог	174931397	4
посол	174887748	4
сопло	174887748	4
титан	174720971	4
опара	174506894	4
отбор	174418524	4
робот	174418524	4
поток	174304973	4
лиана	174196213	4
волок	173643324	4
лассо	173385743	4
рожон	173331584	4
опала	172820243	4
овощи	172735299	4
сеанс	172271182	4
атолл	171982807	4
бонна	171631018	4
маета	171489259	4
пение	170576021	4
собор	170424594	4
нарта	170350692	4
таран	170350692	4
театр	170336986	4
покос	170311043	4
побои	170235443	4
силос	170051877	4
гетто	169912274	4
ареал	169812228	4
содом	169711180	4
гомон	169435543	4
голос	169250816	4
логос	169250816	4
селен	169078521	4
соска	168809038	4
атлет	168650335	4
отчет	168647827	4
морок	168602316	4
сосед	168411892	4
офорт	167702504	4
погон	167434055	4
конек	167251513	4
порок	166600828	4
ворог	166241146	4
говор	166241146	4
койот	166209663	4
пончо	166169608	4
боров	165728273	4
горло	165540601	4
целое	165465888	4
аванс	165370656	4
саван	165370656	4
помор	165150419	4
конка	165047308	4
астра	164138851	4
канат	164087336	4
накат	164087336	4
танка	164087336	4
катет	164073630	4
тетка	164073630	4
ветер	163850940	4
рокер	163592813	4
помол	163463768	4
повод	163013371	4
каток	162829397	4
питие	162820039	4
ворох	162580682	4
цокот	162542208	4
атлас	162452200	4
салат	162452200	4
отход	162406226	4
подол	162312826	4
косой	162215733	4
огонь	162017096	4
варан	161660441	4
варна	161660441	4
навар	161660441	4
собес	161411541	4
обгон	161284250	4
станс	161200939	4
озноб	161049514	4
оковы	161009091	4
ордер	160991462	4
борок	160451023	4
короб	160451023	4
оброк	160451023	4
навал	159973790	4
север	159857010	4
возок	159743054	4
комод	159737609	4
котик	159495531	4
врата	159442530	4
трава	159442530	4
тенге	159406917	4
мороз	159278751	4
лобок	158764372	4
город	158362545	4
дерен	158190250	4
нечет	158142470	4
дозор	158127809	4
азиат	158078032	4
каста	157875495	4
такса	157875495	4
бордо	157849672	4
добро	157849672	4
посох	157561750	4
порог	157511999	4
трест	157477018	4
облом	157313963	4
петит	157287867	4
позор	157277263	4
рожок	157146172	4
терем	157123281	4
шоссе	157038512	4
побор	156999126	4
телек	156887039	4
обвод	156863566	4
вдова	156815045	4
голод	156675894	4
отбой	156607961	4
астма	156425086	4
аркан	156383191	4
ранка	156383191	4
интим	155969195	4
полог	155825348	4
сосец	155798581	4
сауна	155685649	4
полоз	155590612	4
киоск	155501601	4
свара	155448600	4
хобот	155405875	4
канва	155397085	4
особь	155292382	4
старт	155272813	4
траст	155272813	4
корка	155125252	4
канал	154696540	4
накал	154696540	4
колли	154681440	4
месса	154635361	4
пиала	154558904	4
набат	154485634	4
паста	154423598	4
молох	154166372	4
карат	154165280	4
карта	154165280	4
катар	154165280	4
ковка	154139146	4
ребро	153991111	4
порох	153851535	4
слава	153761949	4
лепет	153435142	4
пойло	153366970	4
житие	153365383	4
винил	153306058	4
ватка	153179174	4
холод	153015430	4
иврит	152774798	4
обком	152737258	4
иерей	152558655	4
тайна	152540129	4
кросс	152238855	4
холоп	152164884	4
годок	152099189	4
ладан	152095189	4
разор	152065043	4
стрит	151938947	4
попса	151931673	4
денек	151926894	4
окрик	151791386	4
рогоз	151640331	4
текст	151213662	4
тиски	151207763	4
обзор	151127458	4
пенек	151076348	4
твист	150952841	4
кивок	150805280	4
сазан	150769841	4
парта	150713383	4
общее	150671150	4
краса	150171350	4
клико	150104735	4
оклик	150104735	4
аврал	150051734	4
лавра	150051734	4
вакса	149185244	4
лапта	149026732	4
плата	149026732	4
берет	148971988	4
афера	148917801	4
покой	148790265	4
спрос	148786958	4
манка	148669426	4
ласка	148484699	4
скала	148484699	4
ходок	148438725	4
тщета	148242637	4
горох	148214603	4
амеба	147920056	4
фанат	147769614	4
фанта	147769614	4
ангар	147294362	4
нагар	147294362	4
свист	146958911	4
баран	146781489	4
матка	146451515	4
кодак	146260545	4
анчар	146029915	4
ралли	146017323	4
дедок	145863399	4
плеер	145730997	4
наука	145712078	4
ересь	145710904	4
модем	145563932	4
варка	145475029	4
тракт	145299242	4
алиби	145075233	4
палас	145032802	4
вилла	145031217	4
поход	144986828	4
азарт	144841715	4
карла	144774484	4
венец	144590833	4
тапка	144450027	4
лимит	144360488	4
заика	144110531	4
комик	144077621	4
панда	144066587	4
пирит	144045651	4
бочок	143834391	4
валка	143788378	4
лавка	143788378	4
денди	143787472	4
терец	143359028	4
шорох	143328701	4
марал	143324075	4
полип	143200941	4
гросс	143150026	4
юннат	143006455	4
сброс	142637153	4
виски	142517512	4
маска	142457585	4
самка	142457585	4
верея	142369055	4
тесть	142344806	4
пенье	142207492	4
попка	141958102	4
нахал	141947247	4
херес	141830467	4
мирра	141676860	4
телец	141672377	4
божок	141281114	4
казан	140796270	4
казна	140796270	4
наказ	140796270	4
киска	140574128	4
банка	140518133	4
кабан	140518133	4
линия	140514424	4
помпа	140507693	4
вахта	140429881	4
жатва	140272621	4
стать	140140601	4
дебет	140107281	4
наяда	140004100	4
офшор	139760272	4
халат	139729336	4
вечер	139530163	4
кресс	139515587	4
синус	139491815	4
намаз	139345861	4
канун	139063951	4
нюанс	139012525	4
сосуд	138966391	4
обход	138837023	4
карма	138747370	4
марка	138747370	4
рамка	138747370	4
треть	138634591	4
сайра	138624143	4
сарай	138624143	4
закат	138578359	4
перед	138552941	4
качок	138508620	4
кочка	138508620	4
стихи	138458470	4
еврей	138336232	4
табак	138300222	4
лития	138296513	4
бобер	138126053	4
лирик	138106752	4
месье	137997139	4
банда	137916782	4
немец	137863174	4
лемма	137814515	4
аллея	137777654	4
драка	137596428	4
карда	137596428	4
тачка	137548648	4
ножны	137435100	4
сахар	137422057	4
ханка	137370542	4
тамга	137362686	4
койка	137314689	4
визит	137187877	4
кирка	136863913	4
инжир	136808906	4
давка	136610322	4
шасси	136572968	4
зазор	136478122	4
сваха	136435951	4
тайка	136354717	4
драма	136146019	4
генез	136115851	4
мачта	136098239	4
пресс	136063690	4
пепси	135874539	4
титул	135870968	4
класс	135624731	4
завоз	135492016	4
рампа	135295473	4
клика	135177262	4
эстет	135170300	4
хатка	135152631	4
лапка	135059231	4
палка	135059231	4
аська	135039138	4
жатка	134995371	4
кошка	134887165	4
влага	134699549	4
глава	134699549	4
шаман	134694695	4
завал	134464813	4
литий	134263690	4
парад	134144531	4
акула	134103371	4
пахан	133918645	4
лампа	133608822	4
гобой	133551631	4
каюта	133469170	4
траур	133187340	4
вылов	133102034	4
ловля	132944633	4
самба	132855883	4
шпана	132693207	4
кепка	132686731	4
падла	132457880	4
фраер	132347618	4
извоз	132158150	4
филин	131711086	4
птаха	131700734	4
черед	131651562	4
кусок	131594171	4
пацан	131453276	4
запас	131132532	4
карга	131108950	4
крага	131108950	4
халва	131039085	4
хвала	131039085	4
сдача	130953367	4
дедка	130935926	4
лобби	130901331	4
череп	130801016	4
рупор	130695415	4
барак	130596077	4
барка	130596077	4
чабан	130164857	4
видик	129942590	4
дамка	129882663	4
чакра	129844503	4
чарка	129844503	4
лаваш	129813647	4
песец	129649845	4
шаттл	129637860	4
репей	129607085	4
галка	129422299	4
кагал	129422299	4
фауна	129394356	4
амбар	129145668	4
ветвь	128958234	4
балка	128909426	4
сусек	128844474	4
лемех	128719836	4
косяк	128487544	4
волхв	128410269	4
вожжа	128326040	4
циник	128237441	4
бомба	128208083	4
калач	128157852	4
хинди	128101459	4
сущее	128077654	4
курок	127883956	4
алмаз	127737154	4
брасс	127709680	4
пасха	127706804	4
амбал	127459017	4
дележ	127411634	4
жарка	127291226	4
кража	127291226	4
тайга	127265888	4
чадра	127243152	4
финик	127134381	4
ахилл	127004674	4
лайка	126963921	4
щебет	126877639	4
чалма	126707443	4
егерь	126648504	4
парча	126392606	4
бобик	126324626	4
балда	126308075	4
махра	125998077	4
перец	125939630	4
вывод	125923978	4
берег	125915658	4
маржа	125840817	4
липид	125790148	4
высев	125775632	4
запал	125735666	4
шавка	125236942	4
делец	125103525	4
батут	125026427	4
фасад	124988921	4
певец	124953524	4
вирши	124832566	4
ашрам	124772639	4
зелье	124727117	4
палач	124705955	4
раджа	124689875	4
взвод	124657941	4
джинн	124629938	4
алкаш	124536397	4
калаш	124536397	4
шакал	124536397	4
шкала	124536397	4
фазан	124478548	4
фанза	124478548	4
ханжа	124463989	4
белье	124448980	4
клерк	124145150	4
ссуда	124038918	4
зарез	123754854	4
папик	123696763	4
пикап	123696763	4
гамак	123395185	4
искус	123306403	4
сайга	123271958	4
афиша	123141643	4
смесь	122932966	4
парша	122771151	4
кварк	122641490	4
плаха	122309938	4
хохма	121912901	4
загар	121785385	4
брага	121507248	4
базар	121272512	4
шахта	121177900	4
лапша	121084500	4
палаш	121084500	4
шпала	121084500	4
дачка	120979796	4
кайма	120936807	4
майка	120936807	4
спесь	120931478	4
праща	120914889	4
дамба	120280961	4
кичка	120247281	4
пачка	120129250	4
алыча	120100324	4
резец	120067962	4
скунс	119992142	4
дайка	119785865	4
хамка	119734721	4
фалда	119592055	4
лабаз	119585861	4
цевье	119536565	4
вывоз	119201764	4
вызов	119201764	4
жерех	118950343	4
пайка	118935319	4
шашни	118836507	4
запад	118557610	4
туфта	118310407	4
гараж	118202397	4
хазар	118124921	4
хабар	117846784	4
фурор	117829590	4
дрозд	117765446	4
баржа	117689524	4
жабра	117689524	4
рабби	117660509	4
гаусс	117551440	4
чибис	117285284	4
эллин	117062478	4
пауза	116751204	4
скука	116666698	4
кишка	116625826	4
удача	116572039	4
шапка	116507795	4
нищий	116073903	4
мидия	115700547	4
заезд	114890147	4
графа	114791228	4
пупок	114716806	4
фраза	114556492	4
мулла	114396128	4
сумма	113765880	4
хобби	113575333	4
кулек	113474037	4
альфа	113324550	4
гайка	113298387	4
финиш	113159650	4
химик	113066989	4
зайка	113063651	4
байка	112785514	4
земец	112354197	4
аллюр	112084896	4
чайка	112033940	4
кубок	112018898	4
казах	111861565	4
кукла	111269832	4
кулак	111269832	4
замах	110411156	4
башка	110357990	4
имидж	110308378	4
байда	110184163	4
шипик	109840063	4
эркер	109788439	4
чашка	109606416	4
чепец	109322998	4
ртуть	109189090	4
замша	109185718	4
шайка	108412485	4
запах	108409668	4
штамм	108192836	4
кулик	107935966	4
шпага	107418966	4
чифир	106859049	4
пятая	106587720	4
агуша	106463106	4
мымра	106405894	4
бубен	105879340	4
химия	105552605	4
грамм	105374593	4
друид	104419915	4
бубна	103675135	4
смысл	103283255	4
шишка	102651095	4
дылда	102417359	4
багаж	102337339	4
абхаз	102259863	4
физик	101625404	4
дудка	101490425	4
лейбл	101309590	4
клюка	101244835	4
бахча	101230152	4
кадык	100442005	4
спуск	100354833	4
пифия	99982688	4
уступ	99941006	4
абзац	99794494	4
изгиб	99252595	4
дождь	99050246	4
шайба	98810783	4
грипп	98037751	4
вывих	97514697	4
дзюдо	97069336	4
пицца	96719336	4
кучка	96339851	4
фюрер	95081325	4
дядик	95049932	4
тулуп	94544140	4
тубус	93791201	4
кубик	93757559	4
гашиш	93562266	4
фуфло	93561861	4
мумия	92944059	4
кушак	92718396	4
бурун	92298897	4
будда	91888723	4
кизяк	90929069	4
кукиш	89384530	4
взрыв	87704108	4
чукча	85986575	4
зулус	84678542	4
гумус	78886164	4
чугун	76195138	4
пьянь	75748764	4
шуруп	68288559	4
чубук	59496853	4
олово	211404336	3
отток	191724371	3
ротор	190283582	3
топот	188272474	3
сосок	183736511	3
асана	182926945	3
кокон	179974781	3
кокос	173762940	3
какао	171695435	3
ванна	171582497	3
потоп	170853076	3
атака	170735463	3
колок	168366074	3
трата	168132781	3
манна	164854838	3
довод	163863917	3
панна	162853350	3
комок	162338960	3
гогот	159579212	3
анаша	158978643	3
наган	157216418	3
банан	156703545	3
ненец	155498995	3
касса	153881565	3
масса	152431156	3
хохот	152258284	3
тахта	149120132	3
маман	147219017	3
ессей	146742768	3
доход	145837374	3
каска	143907994	3
радар	143859784	3
хохол	142867488	3
пепел	136015744	3
чечен	133821693	3
кадка	131333072	3
мамка	131033605	3
аллах	130338540	3
лилия	128905717	3
аббат	128698520	3
извив	128497626	3
мадам	128432254	3
каппа	127030629	3
папка	127030629	3
пампа	125580220	3
казак	124610858	3
кабак	124332721	3
качка	123581147	3
гамма	121944776	3
магма	121944776	3
мамба	121431903	3
кашка	119959692	3
бобби	116722924	3
заказ	115287293	3
бабка	114731019	3
шалаш	110561666	3
хиппи	107613604	3
шашка	105984961	3
жажда	105519966	3
цацка	103505099	3
бабай	103183812	3
уксус	99398973	3
шабаш	96383259	3
